-- ============================================================================
--  Servicio Comunitario — Base de datos PostgreSQL (para Supabase)
--  Transcrita de MySQL/MariaDB. RE-EJECUTABLE: borra y recrea todo.
--
--  Cómo cargarlo en Supabase:
--    Dashboard -> SQL Editor -> pega TODO esto -> Run.
--
--  ⚠️ Los DROP de abajo ELIMINAN los datos existentes de estas tablas.
-- ============================================================================

SET client_encoding = 'UTF8';

BEGIN;

-- --- Limpieza (para poder re-ejecutar sin errores) ---
DROP TABLE IF EXISTS pagos_bombonas    CASCADE;
DROP TABLE IF EXISTS registro_bombonas CASCADE;
DROP TABLE IF EXISTS usuarios          CASCADE;
DROP TABLE IF EXISTS personas          CASCADE;
DROP TABLE IF EXISTS roles             CASCADE;
DROP TABLE IF EXISTS estados_civiles   CASCADE;
DROP FUNCTION IF EXISTS set_fecha_actualizacion() CASCADE;
DROP TYPE IF EXISTS sexo_enum          CASCADE;
DROP TYPE IF EXISTS metodo_pago_enum   CASCADE;
DROP TYPE IF EXISTS calle_enum         CASCADE;

-- --- Tipos ENUM (equivalentes a los enum de MySQL) ---
CREATE TYPE sexo_enum        AS ENUM ('M', 'F', 'Otro');
CREATE TYPE metodo_pago_enum AS ENUM ('Efectivo', 'Transferencia', 'Pago Móvil');
CREATE TYPE calle_enum       AS ENUM ('Calle 1', 'Calle 2', 'Calle 3', 'Calle 4', 'Calle 5', 'Calle 6', 'Calle 7', 'Callejón');

-- --- Tablas ---
CREATE TABLE estados_civiles (
    id_estado_civil integer GENERATED BY DEFAULT AS IDENTITY PRIMARY KEY,
    estado_civil    varchar(20) NOT NULL
);

CREATE TABLE roles (
    id_rol     integer GENERATED BY DEFAULT AS IDENTITY PRIMARY KEY,
    nombre_rol varchar(50) NOT NULL
);

CREATE TABLE personas (
    id_persona      integer GENERATED BY DEFAULT AS IDENTITY PRIMARY KEY,
    cedula          varchar(15) NOT NULL UNIQUE,
    nombre          varchar(100) NOT NULL,
    apellido        varchar(100) NOT NULL,
    sexo            sexo_enum NOT NULL,
    edad            integer,
    id_estado_civil integer,
    celular         varchar(20),
    carga_familiar  integer DEFAULT 0,
    fecha_registro  timestamp DEFAULT CURRENT_TIMESTAMP,
    calle           calle_enum,
    estatus         varchar(20) DEFAULT 'Activo'
);

CREATE TABLE usuarios (
    id_usuario    integer GENERATED BY DEFAULT AS IDENTITY PRIMARY KEY,
    id_persona    integer NOT NULL,
    id_rol        integer NOT NULL,
    usuario_login varchar(50) NOT NULL UNIQUE,
    password_hash varchar(255) NOT NULL
);

CREATE TABLE registro_bombonas (
    id_registro         integer GENERATED BY DEFAULT AS IDENTITY PRIMARY KEY,
    id_persona          integer NOT NULL,
    bombonas_10kg       integer DEFAULT 0,
    bombonas_18kg       integer DEFAULT 0,
    bombonas_27kg       integer DEFAULT 0,
    fecha_actualizacion timestamp DEFAULT CURRENT_TIMESTAMP,
    bombonas_43kg       integer DEFAULT 0
);

CREATE TABLE pagos_bombonas (
    id_pago          integer GENERATED BY DEFAULT AS IDENTITY PRIMARY KEY,
    id_registro      integer,
    monto_pagado     numeric(10,2) NOT NULL,
    metodo_pago      metodo_pago_enum NOT NULL,
    fecha_pago       timestamp NOT NULL DEFAULT CURRENT_TIMESTAMP,
    cant_10kg        integer DEFAULT 0,
    cant_18kg        integer DEFAULT 0,
    cant_27kg        integer DEFAULT 0,
    referencia_texto varchar(100),
    referencia_foto  varchar(255),
    cant_43kg        integer DEFAULT 0
);

-- --- Datos ---
INSERT INTO estados_civiles (id_estado_civil, estado_civil) VALUES
(1, 'Soltero/a'),
(2, 'Casado/a'),
(3, 'Divorciado/a'),
(4, 'Viudo/a');

INSERT INTO roles (id_rol, nombre_rol) VALUES
(1, 'Administrador'),
(2, 'Secretario');

INSERT INTO personas (id_persona, cedula, nombre, apellido, sexo, edad, id_estado_civil, celular, carga_familiar, fecha_registro, calle, estatus) VALUES
(3,  '11588277', 'LUZ ELENA',          'AZUAJE VARGAS',         'F', 50, 1, '04166524456', 6, '2025-02-11 11:18:12', 'Calle 6', 'Activo'),
(4,  '21274188', 'YANYNER CAROLINA',   'QUINTERO  MORILLO',     'F', 36, 4, '04149575080', 4, NULL,                  'Calle 1', 'Activo'),
(8,  '8106955',  'NERZA',              'QUINTERO',              'F', 57, 1, '04163515057', 2, '2025-02-02 13:28:44', NULL,      'Activo'),
(9,  '16867857', 'MARTHA MARIA',       'COLMENAREZ',            'F', 39, 1, '04165592532', 6, '2025-02-11 00:00:00', NULL,      'Activo'),
(10, '9849864',  'EDITH COROMOTO',     'ARANGUREN DE GONZÁLEZ', 'F', 56, 2, '04262551520', 4, NULL,                  'Calle 5', 'Activo'),
(11, '4737740',  'GLORIA DEL CARMEN',  'GARCIAS JIMENEZ',       'F', 67, 1, '04267520768', 2, NULL,                  'Calle 1', 'Activo'),
(13, '16139421', 'DANYELIS',           'LOPEZ  GARCIAS',        'F', 43, 1, '04266362579', 3, '2025-02-11 00:00:00', NULL,      'Activo'),
(14, '14760665', 'YASMINA DEL CARMEN', 'VIRGUEZ',               'F', 52, 1, '04160371193', 4, '2025-02-11 00:00:00', 'Calle 1', 'Activo');

-- Contraseñas hasheadas con bcrypt (demo: admin -> admin123 | 21274188 -> usua123)
INSERT INTO usuarios (id_usuario, id_persona, id_rol, usuario_login, password_hash) VALUES
(1, 3, 1, 'admin',    '$2b$10$IdAw8yMG.ZFqNeeWe136ue90FZH4eZgpAgpQubGk1R7erxvItbP1y'),
(2, 4, 2, '21274188', '$2b$10$uyrbOB4xmcgyBx56RqGtEuiKmJDzG8PZMsMZYHrq5qmPZiVy9XKcO');

INSERT INTO registro_bombonas (id_registro, id_persona, bombonas_10kg, bombonas_18kg, bombonas_27kg, fecha_actualizacion, bombonas_43kg) VALUES
(4,  3,  2, 1, 3, '2026-05-01 13:30:55', 0),
(7,  10, 2, 0, 0, '2026-05-20 18:59:48', 0),
(8,  9,  2, 1, 1, '2026-05-20 21:57:42', 0),
(10, 4,  1, 3, 0, '2026-06-04 10:54:55', 1);

INSERT INTO pagos_bombonas (id_pago, id_registro, monto_pagado, metodo_pago, fecha_pago, cant_10kg, cant_18kg, cant_27kg, referencia_texto, referencia_foto, cant_43kg) VALUES
(5,  4,  15000.00,  'Efectivo',   '2026-05-01 16:43:11', 2, 0, 0, NULL,   NULL, 0),
(6,  4,  150000.00, 'Efectivo',   '2026-05-01 16:45:10', 0, 0, 2, NULL,   NULL, 0),
(8,  7,  600.00,    'Pago Móvil', '2026-05-20 23:10:32', 2, 0, 0, NULL,   NULL, 0),
(9,  4,  700.00,    'Pago Móvil', '2026-05-21 01:44:19', 0, 1, 0, '7890', NULL, 0),
(12, 4,  1200.00,   'Pago Móvil', '2026-05-21 02:03:07', 0, 0, 1, '1234', NULL, 0),
(14, 10, 2000.00,   'Pago Móvil', '2026-05-21 15:45:47', 1, 1, 0, '5678', NULL, 0);

-- --- Claves foráneas ---
ALTER TABLE personas
    ADD CONSTRAINT personas_id_estado_civil_fkey
    FOREIGN KEY (id_estado_civil) REFERENCES estados_civiles (id_estado_civil);

ALTER TABLE usuarios
    ADD CONSTRAINT usuarios_id_persona_fkey FOREIGN KEY (id_persona) REFERENCES personas (id_persona),
    ADD CONSTRAINT usuarios_id_rol_fkey     FOREIGN KEY (id_rol)     REFERENCES roles (id_rol);

ALTER TABLE registro_bombonas
    ADD CONSTRAINT registro_bombonas_id_persona_fkey
    FOREIGN KEY (id_persona) REFERENCES personas (id_persona) ON DELETE CASCADE;

ALTER TABLE pagos_bombonas
    ADD CONSTRAINT pagos_bombonas_id_registro_fkey
    FOREIGN KEY (id_registro) REFERENCES registro_bombonas (id_registro) ON DELETE CASCADE;

-- --- Índices ---
CREATE INDEX idx_registro_fecha ON pagos_bombonas (id_registro, fecha_pago);
CREATE INDEX idx_fecha          ON pagos_bombonas (fecha_pago);

-- --- Trigger que replica ON UPDATE current_timestamp() de MySQL ---
CREATE OR REPLACE FUNCTION set_fecha_actualizacion()
RETURNS trigger AS $$
BEGIN
    NEW.fecha_actualizacion = CURRENT_TIMESTAMP;
    RETURN NEW;
END;
$$ LANGUAGE plpgsql;

CREATE TRIGGER trg_registro_bombonas_actualizacion
    BEFORE UPDATE ON registro_bombonas
    FOR EACH ROW
    EXECUTE FUNCTION set_fecha_actualizacion();

-- --- Ajustar las secuencias IDENTITY para que continúen donde iba AUTO_INCREMENT ---
SELECT setval(pg_get_serial_sequence('estados_civiles',   'id_estado_civil'), 6,  false);
SELECT setval(pg_get_serial_sequence('roles',             'id_rol'),          3,  false);
SELECT setval(pg_get_serial_sequence('personas',          'id_persona'),      15, false);
SELECT setval(pg_get_serial_sequence('usuarios',          'id_usuario'),      3,  false);
SELECT setval(pg_get_serial_sequence('registro_bombonas', 'id_registro'),     11, false);
SELECT setval(pg_get_serial_sequence('pagos_bombonas',    'id_pago'),         16, false);

COMMIT;
